titre,variant_id,ancien_prix,nouveau_prix
GINKGO,gid://shopify/ProductVariant/57844705132869,8.9,399.00
GINKGO,gid://shopify/ProductVariant/57844705165637,8.9,399.00
GINKGO,gid://shopify/ProductVariant/57844705263941,8.9,399.00
GINKGO,gid://shopify/ProductVariant/57844705296709,8.9,399.00
GINKGO,gid://shopify/ProductVariant/57844705329477,8.9,399.00
GINKGO,gid://shopify/ProductVariant/57844705362245,8.9,399.00
GINKGO,gid://shopify/ProductVariant/57844705657157,8.9,399.00
GINKGO,gid://shopify/ProductVariant/57844705689925,8.9,399.00
CHANVRE,gid://shopify/ProductVariant/57844710179141,29.9,29.00
BRANCHE CRISTAL,gid://shopify/ProductVariant/57844779843909,12.9,1593.00
BRANCHE CRISTAL,gid://shopify/ProductVariant/57844779876677,12.9,1593.00
BRANCHE CRISTAL,gid://shopify/ProductVariant/57844779909445,12.9,1593.00
BRANCHE CRISTAL,gid://shopify/ProductVariant/57844779942213,12.9,1593.00
RUBAN MURAL,gid://shopify/ProductVariant/57844783644997,11.9,69.00
RUBAN MURAL,gid://shopify/ProductVariant/57844783677765,11.9,69.00
RUBAN MURAL,gid://shopify/ProductVariant/57844783710533,11.9,69.00
RUBAN MURAL,gid://shopify/ProductVariant/57844783743301,11.9,69.00
RUBAN MURAL,gid://shopify/ProductVariant/57844783776069,4.9,69.00
RUBAN MURAL,gid://shopify/ProductVariant/57844783808837,4.9,69.00
RUBAN MURAL,gid://shopify/ProductVariant/57844783841605,4.9,69.00
RUBAN MURAL,gid://shopify/ProductVariant/57844784234821,4.9,69.00
RUBAN MURAL,gid://shopify/ProductVariant/57844784300357,4.9,69.00
BULLES DE VERRE,gid://shopify/ProductVariant/57844785480005,7.9,511.00
BULLES DE VERRE,gid://shopify/ProductVariant/57844785512773,7.9,511.00
BULLES DE VERRE,gid://shopify/ProductVariant/57844785611077,7.9,511.00
BULLES DE VERRE,gid://shopify/ProductVariant/57844785643845,7.9,511.00
APPLIQUE UP&DOWN,gid://shopify/ProductVariant/57844810187077,13.9,20.00
APPLIQUE UP&DOWN,gid://shopify/ProductVariant/57844810285381,12.9,20.00
APPLIQUE UP&DOWN,gid://shopify/ProductVariant/57844810318149,15.9,20.00
APPLIQUE UP&DOWN,gid://shopify/ProductVariant/57844810350917,13.9,20.00
APPLIQUE UP&DOWN,gid://shopify/ProductVariant/57844810383685,14.9,20.00
APPLIQUE UP&DOWN,gid://shopify/ProductVariant/57844810547525,19.9,20.00
GRAND LUSTRE MODERNE,gid://shopify/ProductVariant/57844842955077,16.9,301.00
GRAND LUSTRE MODERNE,gid://shopify/ProductVariant/57844842987845,16.9,301.00
GRAND LUSTRE MODERNE,gid://shopify/ProductVariant/57844843020613,16.9,301.00
GRAND LUSTRE MODERNE,gid://shopify/ProductVariant/57844843053381,16.9,301.00
LAMPADAIRE ARC NORDIQUE,gid://shopify/ProductVariant/57844890108229,14.9,219.00
LAMPADAIRE ARC NORDIQUE,gid://shopify/ProductVariant/57844890140997,14.9,219.00
GEMMA,gid://shopify/ProductVariant/57844644249925,324.9,244.00
GEMMA,gid://shopify/ProductVariant/57844644315461,324.9,244.00
GEMMA,gid://shopify/ProductVariant/57844644380997,324.9,244.00
GEMMA,gid://shopify/ProductVariant/57844644413765,129.9,244.00
DUNE,gid://shopify/ProductVariant/57844654702917,263.9,253.00
DUNE,gid://shopify/ProductVariant/57844654735685,263.9,253.00
DUNE,gid://shopify/ProductVariant/57844654768453,263.9,253.00
DUNE,gid://shopify/ProductVariant/57844654801221,263.9,253.00
DUNE,gid://shopify/ProductVariant/57844654833989,263.9,253.00
DUNE,gid://shopify/ProductVariant/57844654866757,263.9,253.00
DUNE,gid://shopify/ProductVariant/57844654899525,263.9,253.00
DUNE,gid://shopify/ProductVariant/57844654932293,263.9,253.00
DUNE,gid://shopify/ProductVariant/57844654997829,263.9,253.00
DUNE,gid://shopify/ProductVariant/57844655030597,263.9,253.00
DUNE,gid://shopify/ProductVariant/57844655063365,263.9,253.00
DUNE,gid://shopify/ProductVariant/57844655096133,263.9,253.00
DUNE,gid://shopify/ProductVariant/57844655128901,263.9,253.00
DUNE,gid://shopify/ProductVariant/57844655161669,263.9,253.00
DUNE,gid://shopify/ProductVariant/57844655194437,263.9,253.00
DUNE,gid://shopify/ProductVariant/57844655227205,263.9,253.00
CHANVRE,gid://shopify/ProductVariant/57844710048069,49.9,29.00
CHANVRE,gid://shopify/ProductVariant/57844710080837,34.9,29.00
CHANVRE,gid://shopify/ProductVariant/57844710342981,44.9,29.00
MARBRE,gid://shopify/ProductVariant/57844710998341,731.9,754.00
MARBRE,gid://shopify/ProductVariant/57844711031109,731.9,754.00
AEVYX,gid://shopify/ProductVariant/57844890501445,62.9,35.00
ZYEL,gid://shopify/ProductVariant/57844897644869,124.9,53.00
ZYEL,gid://shopify/ProductVariant/57844897251653,124.9,53.00
ZYEL,gid://shopify/ProductVariant/57844897612101,149.9,53.00
ZYEL,gid://shopify/ProductVariant/57844897218885,149.9,53.00
LYXEN,gid://shopify/ProductVariant/57844900954437,299.9,190.00
LYXEN,gid://shopify/ProductVariant/57844901544261,249.9,190.00
